comment_id,comment,source_channel,script,intent,primary_driver,value_orientation,affect,is_no_persona,notes
0e52d730bd2c,"Yo Americako cha ho, deshko takat bhanekonai yu harulai bidesh lakhetne tiniharu chahi Hamro Desh  lai mjor Banayera  hamro desh kabja garne...",Thaha Research,roman_nepali,Anti-Migration,Patriotism/Love,Collectivist-Nation,Angry/Frustrated,0,
9b7980fced76,"Idk much about USA  but While i was working in Australia Detention centre hv meet 3 nepalis  middle age bro who reached to Australian land via similar way. They used  to say spent about 15/20 lakhs.  Hearing their story was frightening. They came nepal to delhi , Delhi  to Bangkok,  Bangkok to Jakarta,  Jakarta to Christmas island in Australia.  Boat ride from  Indonesia to Australia is absolutely death cheat. Its not safe , its dangerous, even tho if u ever reach to Australia or any other nation u will not grant a asylum. Be sure my nepali bro/sis plz dont try this way. It doesnt worth at all. Its risk of ur life 9/10. Especially for nepali  peeps close to impossible to get asylum coz we dont hv civil war in Nepal.  We nepali are safe in our countries.   Any of you will find impossible to proof ur refuge.  Any country will not grant you refugees just because  you get there.  U will be turn back after many years of court battle thats for sure . Those  went druing Maoists war in nepal yes  that time we had chances of getting  refugee statue coz its was unsafe to deport you back but now things has changed, nepal is safe there is nothing to run away from nepali getting into western countries illegally except its economical immigrants. I worked closely with Border force in Australia so i can share more more informative  info to those who want to get illegally in any countries but i will always say plz dont do. Every countires main Goal is how to kick illegal immigrants out of country. So plz dont every try to this journey.",The Nepali Comment,latin,Anti-Migration,Patriotism/Love,Collectivist-Nation,Despairing/Sad,0,
9fe678dd36b3,Bhai South Sudan ma UN Peacekeeping Mission ma army gako hola.yr..,IDS,roman_nepali,Neutral/Observation,Economic Necessity,Collectivist-Nation,Pragmatic,0,
d2ccc68903c0,&quot;One of the penalties for refusing to participate in politics is that you end up being governed by your inferiors.&quot; — Plato,IDS,latin,Trapped/Regretful,Systemic/Political Anger,Individualist-Self,Angry/Frustrated,0,
30e1c608f5dd,Gretar nepal🇳🇵🇳🇵🇳🇵,The Nepali Comment,latin,Anti-Migration,Patriotism/Love,Collectivist-Nation,Hopeful/Motivated,0,Sounds Patriotic - Persona based on that
da4a0d59a59f,Yo sab garaune vanya nepal ka chor neta haru ho,The Nepali Comment,roman_nepali,Trapped/Regretful,Systemic/Political Anger,Collectivist-Nation,Angry/Frustrated,0,
36795cbc5003,"मारवाडीले चुसेको देशमा को बस्न सक्छ?? अदालत न्यायाधीश पुलिस कानुन बैंक सहकारी इन्सुरेन्स सबै मारवाडी तस्करको हातमा छ , यो सबै तस्करहरुको नाईके केपी र आरजु हो।",Thaha Research,devanagari,Trapped/Regretful,Systemic/Political Anger,Collectivist-Nation,Angry/Frustrated,0,
2f74b620b476,Wow great video dear brother Thankyou for your great effort m motivated.,IDS,latin,,,,,1,
65daeb350bb8,"Something about brain drain I found <a href=""https://www.youtube.com/watch?v=YAUG-cNP-nM"">https://youtu.be/YAUG-cNP-nM?si=dq1nkDgmU2z3fxVy</a>",IDS,latin,,,,,1,
97998a254917,Timi ley taw 100% copy paste gardo raixau taw bro aru ko video 😂,IDS,roman_nepali,,,,,1,
6c302a7bfcb6,The person who are willing to pay upto the north of 50 lakh despite knowing danger ahead and if gets return or death don&#39;t gets my sympathy...  For That much amount you can start a business with careful planning and can settle for life in their own country,The Nepali Comment,latin,Anti-Migration,Economic Necessity,Individualist-Self,Pragmatic,0,
bf042d15f1d4,3 main things for me :<br>1. Health <br>2. Wealth<br>3. Relationship❤,IDS,latin,,,,,1,
cb7dc805877e,Main reason vanako yeta nepal maa politicians haru vanda ni comedians haru xan,Thaha Research,latin,Neutral/Observation,Systemic/Political Anger,Collectivist-Nation,Angry/Frustrated,0,
c292e24186f2,@anamak2000 k kera kera jasto kura garira,IDS,roman_nepali,,,,,1,
a279ab74a1c7,A very pressing problem of Nepal that must be addressed asap!,Thaha Research,latin,Neutral/Observation,Patriotism/Love,Collectivist-Nation,Pragmatic,0,
17f76f1d73bc,"We have a WhatsApp group for immigrants and refugees in Americas<a href=""https://chat.whatsapp.com/JDsxOFzdT9zArO9vDZnxiz"">https://chat.whatsapp.com/JDsxOFzdT9zArO9vDZnxiz</a>",The Nepali Comment,latin,,,,,1,
bd6046ee5d9d,I am open for investment in Nepal. But hard to trust people these days.from New York.,The Nepali Comment,latin,Neutral/Observation,Patriotism/Love,Collectivist-Nation,Pragmatic,0,
47edbf53fd47,Dam bro man ma nai lagyo,Thaha Research,roman_nepali,,,,,1,
22736f0779ec,"maro dash maa brain drain vako xa meaning hamro dash ko skilled rw educated population dash xori gako xan this is a big problem for our economy, hamro dash maa bidashi company ko investment haru tanna sakhako xina jun ki only safe way ho aouta dash ko economy badaunu lai tara yaha ta business start garni jo garo xa, IT Sector ramro ho tara aouta pipe dream ni ho sabai youtuber banna sakdina so aba harnu hamro yaha dash xori jana culture vako xa aba kuni batdata vayana thanks to our country poor governments management, our  situation is sad but i hope for the better days, take care guys.",IDS,roman_nepali,Trapped/Regretful,Economic Necessity,Individualist-Self,Hopeful/Motivated,0,
849aa68a0db9,Malai esto lagx next 300 years ma Bangali r Indian Muslims ko dherai jansankhya hune x Nepali ko anupat ma kinabhane uniharulai jamin bhae hunx Tara Nepali American life chainx.,IDS,roman_nepali,Neutral/Observation,Economic Necessity,Individualist-Self,Pragmatic,0,
e0a598e37fb3,नेपाललाइ इसाई देश बनाए सबै समाधान हुन्छ,IDS,devanagari,,,,,1,
b6187eddd8e7,Appreciate your effort bro😊,IDS,latin,,,,,1,
5ee1d1ee5311,"That is why Trump wanted to build a wall and go against illegal immigrants. What you have researched is basically human trafficking. Trump actually was against human trafficking. Many big businesses, esp food and agro businesses require labors. The only way they can get cheap labour&#39;s is through human trafficking. It all makes logical sense.",The Nepali Comment,latin,Neutral/Observation,Economic Necessity,Collectivist-Nation,Pragmatic,0,
f8aff906ae0a,Mero uncle Pani gayeko 2 barsa vayo Tara Dunga paltera bepatta vayeko Khabar aayo Aru kehi information xaina,The Nepali Comment,roman_nepali,,,,,1,
21efadffbd76,Brilliantly cover garyau bro sabai topic really loved the content keep up the good work. More power to you man.,IDS,roman_nepali,,,,,1,
c6b1173500a5,"Bro, make video on &quot;Why businesses in Nepal aren&#39;t successful over country.",IDS,latin,,,,,1,
dc00f22a64b6,"Nepalese youth are looser, <br>When we do anything we see problem , we escape , we study we find hard we escape , we work we find problem we escape , same like that we see problem in country , we escape , <br>What country gives you does not matter , only matter what you did for nation , and remitance is not enough for country progress , <br>In this capitalist world we have to focus on industry and business , lets band all product from india , china and other country , do our own production and circulate money inside nation . <br>No remitance no  Government job will progress out nation economics ,",The Nepali Comment,latin,Neutral/Observation,Economic Necessity,Collectivist-Nation,Pragmatic,0,
57ba44c68799,background music chai kina ? remove it .,The Nepali Comment,latin,,,,,1,
11c3dbad83ae,Bottom line:...Go follow your dream!!!,IDS,latin,,,,,1,
fefd058f37bb,Im happy in dubai,The Nepali Comment,latin,Pro-Migration,Economic Necessity,Individualist-Self,Hopeful/Motivated,0,
ed37733f1aad,Manxe bides gaye ra xaena.desh xodi raxa hits hard😢,IDS,latin,,,,,1,
62ae52864590,Singapore ma pani Working visa pauchha..?,IDS,roman_nepali,,,,,1,
68957c453b8d,u guys need a cloud lifter input gain clipping vai ra cha jasto cha mic ko,IDS,roman_nepali,,,,,1,
d076ed5b335d,Heart touching :Nepal basna ta  born with golden spoon hunu parxa❤❤❤😢😢,IDS,latin,Pro-Migration,Economic Necessity,Individualist-Self,Despairing/Sad,0,
42cc0af644a4,ma pani lagvag 9 barsa bidesh basera aaye yaha kam gareko 3 mahina vayo paisai didaina jhagada kati ko ko sanga xahi garnu,Thaha Research,roman_nepali,Trapped/Regretful,Economic Necessity,Individualist-Self,Angry/Frustrated,0,
70937980dcba,Yo video aaile samma kai best video ho mero lagi,IDS,roman_nepali,,,,,1,
003bdfbc74a4,"Nepal cannot compete with India and China in terms of being a service provider or a manufacturing hub. We need to focus on our strengths to create jobs, which are agriculture and tourism. Focus on adventure tourism, create better experiences for tourists and grow things that we can export. Look at small developed countries as case studies to see how they focus on their strengths to develop. But in the end it all comes down to political stability and leaders who are good in geopolitics.",IDS,latin,Neutral/Observation,Economic Necessity,Collectivist-Nation,Pragmatic,0,
1e90d0801125,Garo xa hou Nepal ma hami jastai lai😢😢 hope your words become reality ❤❤❤❤,IDS,roman_nepali,Trapped/Regretful,Economic Necessity,Individualist-Self,Hopeful/Motivated,0,
19652b247823,A 23 year old guy giving a hope and optimism  to a 29 year old boy . This is Change and as he said desh ma opportunity  jhan badera auxa sabai  bidesh  gayesi . Change is inevitable .  Thank yo for bringing inner voice  brother.  This is  todays youth  .,IDS,roman_nepali,Anti-Migration,Patriotism/Love,Individualist-Self,Hopeful/Motivated,0,
6d3f3ac81823,I'm 15 yrs old and watching your videos made me realize many things  i wouldnt realize even after 10 years I'm grateful that you are inspiring youths like us and I'm grateful to be in this side of social media and someday our country will shine if we are try to be like you and I hope someday i can meet you and pay my respect for you😄anyways a lot of respect and support for you dai!!!,IDS,roman_nepali,Anti-Migration,Patriotism/Love,Collectivist-Nation,Hopeful/Motivated,0,
1531c5881d85,Very nice content and wonderful thought brother you will do great in future 🙏🙏<br>Thank you so much brother and your entire team 🙏🙏❣️,IDS,latin,,,,,1,
bf5ff8d41fec,"bitter truth: yo desh ma basne vaneko  bidesh jana nasakeko,  bahira gayera settle huna nasakne matra ho. Ani freelancing garera 4-5 lakhs Nepal mai kamaune vaneko 1000 jana ma 10 jana matra ho. Jaba samma desh banauxu vanne mansaye vayeka 2,3 wota political party haru aaudainan taba samma yei desh ma vabisye banla vanne aasai nagarum. 1, 2 jana le matra desh banauxu vanera politics ma ayeka haru lai k k vai ra xa, kati tira bata khutta tanne haru aauxan sabai lai thaha nai xa.",IDS,roman_nepali,Pro-Migration,Economic Necessity,Individualist-Self,Angry/Frustrated,0,
c5ea730de6db,मुखमा सुपारी हालेर कुरा गर्ने हरु भन्दा तपाईको भिडियोहरुको content well researched र स्तरीय छन । राम्रो विषय उठाउनु भयो।,The Nepali Comment,code_mixed,,,,,1,
416c150b4670,आजको episode ले कता कता मन छोयो ❤,IDS,code_mixed,,,,,1,
e143b4cf7dce,"""You're parents aren't against you're passion, they just don't wanna see their child starving"" don't know but it hit different",IDS,latin,,,,,1,
d90259603db9,"Who doesn't want to go out and study abroad? It is not Nepalese don't want to go abroad and study, it is just because they can't afford.",IDS,latin,Pro-Migration,Economic Necessity,Individualist-Self,Despairing/Sad,0,
8defc14a2ef4,Came to chat man! In insta,The Nepali Comment,latin,,,,,1,
03c35fd66070,Thukka mg nepal ko halt,The Nepali Comment,latin,Pro-Migration,Systemic/Political Anger,Collectivist-Nation,Angry/Frustrated,0,
3482f13aae62,Jo pani yo video herdai hununxa yo channel lai subscribe garnuhos as u know or felt that this video was simply amazing and so relatable,IDS,roman_nepali,,,,,1,
a5c0c3be097e,Missing our king,The Nepali Comment,latin,,,,,1,
6b29e9a98a77,Jholey haru cha ta ... kamauna... sikill bhale ta samjhane ho3 ba namarunjel,Thaha Research,roman_nepali,,,,,1,
749522da0898,LAST मा आएर भाबुक बनायो यार्😪😥,IDS,code_mixed,,,,,1,
e01c521d467c,Katti xan xan,The Nepali Comment,latin,,,,,1,
b5499723ae28,"Maybe it can be helpful for somebody, especially for students, just don't give your full time to course book. Read and learn about share market, content creating, can learn barista, driving, cooking, even go for the labour job, discuss with friends about ideas and business. For now, you may not make money but you will know lots of thing like investing ideas, communication skills, personal budgeting, how to deal with people and of course will be more confident. <br><br>And life is all about selling yourself and you need to know how to sell to get the best price.😊😊<br><br>Good luck for everyone. Cheers",IDS,latin,,,,,1,
f4d4de170264,jaura ra kamau yo padai mf ho,The Nepali Comment,roman_nepali,Pro-Migration,Economic Necessity,Individualist-Self,Angry/Frustrated,0,
8e1e74cc4664,Here after podcast with Sanjay silwal gupta ❤,The Nepali Comment,latin,,,,,1,
5e618d8eb3d4,Amazing work dude…maile ta desh chodisake tara ekdin auchu better manche vayera,IDS,roman_nepali,Anti-Migration,Patriotism/Love,Individualist-Self,Hopeful/Motivated,0,
48d2522066a3,धेरै राम्रो भिडियो content  also you are creating your revenue. Very nice.,IDS,code_mixed,,,,,1,
9da3b0ef7b26,Euta video Lumbini Development Trust ko corruption ra politics ma ni banaunu paryo,Thaha Research,latin,,,,,1,
b14b35b802fc,"Yo Nepal ko neta haru lai tik parnu parcha, aba tiyo din aaucha jaba Nepal ma Nepali haru hoina foreigner haru baschan ra yahi foreigner haru le Nepal lai rule garchan, yo neta haru lai paisa matrai cahiyeko cha, yasto neta haru lai PUNCH hanera khola ma falidenu parcha",IDS,roman_nepali,Trapped/Regretful,Systemic/Political Anger,Collectivist-Nation,Angry/Frustrated,0,
c1755c392024,How the hell its illegal to go from one place to another? Our earth is not the personal property. Its the common home of every living creatures. So its right of every living creatures to go from one place to another.,The Nepali Comment,latin,Pro-Migration,Systemic/Political Anger,Individualist-Self,Angry/Frustrated,0,
84e214e43429,21 years old guy Watching from KHADI at 2 AM 🙂,IDS,latin,,,,,1,
e618568e5fed,"Honestly not only unemployment but it&#39;s like an interest of common people to go to foreign countries. Students want to go there for their better future. Our thinking is that we would be able to earn ourselves and live the way we want, no-one would be actually judging us. We aren&#39;t thinking far. But we aren&#39;t wrong here, situation makes us think so. Even our parents nowadays motivating us to try abroad like why? it&#39;s exactly because of &quot;what after education&quot;. unemployment is one thing and other thing is lack of job security in private sector. Our future isn&#39;t secure so what&#39;s the option? OfCourse abroad",IDS,latin,Pro-Migration,Economic Necessity,Individualist-Self,Angry/Frustrated,0,
496f760a28e4,sabai thok huncha tara 2085 ma hunxa naya leader auxa usle sabai thok garxa wait for the right time... hunxa,Thaha Research,roman_nepali,,,,,1,
674ed6472b9e,Nepali parents lai mbbs Ra engineering Ani loksewa baahek Aru kunai kaam kaam nai lagdaina,IDS,roman_nepali,,,,,1,
f4d0c26ff93f,"Jay hoss party ko jhole haru lai,<br>Desh ko halat yesto banayeko ma.",IDS,latin,,,,,1,
e7765415d33e,We need guys like u to lead the Nepal who r most aware of condition n who can really help to solve the issue. So better b in the field as well.🙏🙏🙏,IDS,latin,,,,,1,
f7d9eacf475a,This trend is even more popular in Dang district it’s like at least one family member hav been through this journey in many localities,The Nepali Comment,latin,Neutral/Observation,Family Obligation,Collectivist-Family,Despairing/Sad,0,
2d84f8f29f4e,Afno khusi k ma xaw kehi garnush aru lai taw prove gararaw dakhauni ho,IDS,roman_nepali,,,,,1,
759d0ec41c66,Best thing to do in Nepal is LEAVE THE COUNTRY !!!!!!!!!,Thaha Research,latin,Pro-Migration,Economic Necessity,Collectivist-Nation,Angry/Frustrated,0,
18217fcbb18a,Family la internet bata foran county ko <br>Video hara ra vacha tara aafno dream ra work idea fa rak cha . 🇳🇵 Hajur ko video hare pache nepal ma ke garna sacha vane yog cha❤❤,IDS,roman_nepali,Anti-Migration,Patriotism/Love,Individualist-Self,Hopeful/Motivated,0,
401cbb424ae8,Mailey yo video just time pass ko lagi click gare but this video..... 😮😮😮😮😮😮😮😮,IDS,roman_nepali,,,,,1,
1aca6a998b5d,True brother i reached malta leagl but when i tried to go portugal from malta i got cought by malta immigration and depoted to Nepal😢😢😢😢,The Nepali Comment,latin,,,,,1,
1f528837aa7c,Nepal khokro bhaisakyo…<br>Too late…<br>Bhokmari lagcha Nepal ma…,Thaha Research,latin,Trapped/Regretful,Economic Necessity,Collectivist-Nation,Despairing/Sad,0,
fd171549110c,Being a modern slave in foreign which will take off our own experience for living and fooding expenses soo we should focus on Nepal condition jay Nepal 🇳🇵🫶,IDS,latin,Anti-Migration,Patriotism/Love,Collectivist-Nation,Hopeful/Motivated,0,
803042fc18b7,"😂😂😂😂😂 this peoples ideas on <a href=""http://development.lol/"">development.lol</a>",The Nepali Comment,latin,,,,,1,
eb68f4a8d2c6,Nepal mai basinxa😊,IDS,latin,Anti-Migration,Patriotism/Love,Individualist-Self,Hopeful/Motivated,0,
4cb5ee35301c,आशावादी ।,IDS,devanagari,Neutral/Observation,Patriotism/Love,Individualist-Self,Hopeful/Motivated,0,
3c824f2bba83,Yeah those greedy fuckers.<br>They would even sell their children to show off.,IDS,latin,,,,,1,
94ed58ac820a,This video is a loss for Nepali comment when it comes and talks so positively of the genocidal jewish ethno state like Israel,The Nepali Comment,latin,,,,,1,
8e92eb851181,Dai yo visit visa Pani 50% ta naauhnay manxay Hun,IDS,roman_nepali,,,,,1,
a8f9ae92c6ec,म जान म हि पासपोर्ट नेपाली चाहे अब मलेसिया बाट आको छ बर्स भयो नेपाली नै बनाइन्छ नागरिकता त च्यातिन्न आफ्नो बाध्यता काम गर्न जाने मात्र हो देस त नेपाल नै हो ॐ शिव,IDS,devanagari,Anti-Migration,Patriotism/Love,Individualist-Self,Despairing/Sad,0,
632b4ce4b8f1,Nepal will get merged with india after 20 years <br>So better settle yourself in abroad for your better and secure life aaile dekhi nai <br> <br>Madwari ra bihari le varinxa yo desh <br>Janmat sangraha and then rest will be history,IDS,roman_nepali,Pro-Migration,Systemic/Political Anger,Collectivist-Nation,Angry/Frustrated,0,
d0b115fcd0e4,Nepal mai basne le like garnu hola ✅,IDS,roman_nepali,Anti-Migration,Patriotism/Love,Individualist-Self,Hopeful/Motivated,0,
cbc7eb6473dc,Well ask those who just completed their +2 study who are middle class. <br>How difficult to  get job and complete family dream😢😢,IDS,latin,Pro-Migration,Economic Necessity,Collectivist-Family,Despairing/Sad,0,
670d1db87f5b,True and right 😢,IDS,latin,,,,,1,
c9480365fdaa,Well said,IDS,latin,,,,,1,
1cdf350edcec,"असहज परिस्थितिमा सुविधा खोज्दै देश त्यागेका हरु,जस्ले नागरिकता त्यागे,नेपाली ढुकुटी रित्याउन मात्र सहयोग गरे भविष्यमा ती हर लाई नेपाल घुम्न आउन पनि बन्देज गरिने छ।।",IDS,devanagari,Anti-Migration,Patriotism/Love,Collectivist-Nation,Angry/Frustrated,0,
1f3657509c77,3 million = 30 lakh.<br>How 56 lakh are outside.<br>Podcast ho bhandai ma j ni bolidine,IDS,roman_nepali,,,,,1,
a7c48a864865,nepal ma basnu wa bidesh bata farkera nepal  aaunu nai galti hooo. huge mistake,IDS,roman_nepali,Pro-Migration,Economic Necessity,Individualist-Self,Angry/Frustrated,0,
bab7d2ef7491,I am IT student ani web development ko lagi free ma internship garxu vanda pani nepal ma company chaina esto bijok cha 😢,Thaha Research,roman_nepali,Trapped/Regretful,Economic Necessity,Individualist-Self,Despairing/Sad,0,
ae1f3b9441fc,"Thank you for good video, please more made to keep hopeful video dear Sir❤",IDS,latin,,,,,1,
572780636650,"Please continue creating this type of content. I hope it reaches every Nepali who has left their country so that when they open YouTube, your content appears on their feeds. Even if only 10 percent of viewers are inspired to think about returning and contributing to their homeland, it would be a significant achievement. I know it's challenging in Nepal right now, but change is possible. One day, people who left might start coming back. Keep making this kind of content—motivating even a small percentage means you've made a big impact.",IDS,latin,Anti-Migration,Patriotism/Love,Collectivist-Nation,Hopeful/Motivated,0,
4da7dc876d75,Portugal ko alik research  pugena,The Nepali Comment,latin,,,,,1,
3a215f133765,Bitter reality 😢😢😢,IDS,latin,,,,,1,
a981c9f79377,"Even if some decided to stay in Nepal after their studies,pursued career in Nepal are leaving as there is very less chances of growth as &quot;ramro manche haina hamro manche&quot; are chosen.",IDS,roman_nepali,Pro-Migration,Economic Necessity,Individualist-Self,Despairing/Sad,0,
1d8f4b89eb3d,At the end of the day you should do what your parents tell you to do cus it's their lives not yours💀<br><br><br><br><br><br><br><br><br><br>lol,IDS,latin,,,,,1,
444313dd14a3,Baseka pani visa nalagera baseka huna hami jastai😢,IDS,roman_nepali,Trapped/Regretful,Economic Necessity,Individualist-Self,Despairing/Sad,0,
a94c34549b1a,For short term good life we are giving our lives to others hands yo aboard is a honey trap for us ahile sunda sochda testo nalagla tara kahile samma aboard ko border khulla hunxa? Gulf gayera 4-5 ota bhai bahine bhau aama ko karcha bihe afno chora chori paleka hamra buwa uncle haru nai xan ahile yuwa lai teti paisa le napugera Europe south africa even war zone country jana laisake PR hune yutai baslan ani nahune k garne ekdin desh farkinai parcha jawani sab bidesh ma sakera 40-50 katesi nepal farkera aauda haat ship hunna ani garne k ? Harek desh euta boundry hunxa resources ko You can see qatar as example worldcup huda kati nepali lai ghar pathaideko thiyo yestai yedi ekdin bidesh ko dhoka banda vo vaneh thau thau desh darap hunxa ekdin mai,The Nepali Comment,roman_nepali,Anti-Migration,Patriotism/Love,Collectivist-Nation,Hopeful/Motivated,0,
0c01060adadb,"The content is not just well researched, but it also made me think deeply about the subject matter. It truly captures the current situation of our country and the potential it holds for the future 🇳🇵🇳🇵",IDS,latin,,,,,1,
a4156dd8dd5d,ees<br>This is too much. When i heard about this and watched related documentries i was literally shocked.,The Nepali Comment,latin,,,,,1,
c95594aad91f,Wow You’re age of 23 and you’re doing great job by staying Nepal.Good quality of information.I became more fan of you ❤,IDS,latin,,,,,1,
8eb85da0b771,I want to go home but I can&#39;t 😢,IDS,latin,Trapped/Regretful,Patriotism/Love,Individualist-Self,Despairing/Sad,0,
a7c64fe481e9,"To all those who are drowning in self pity in the comments:<br>Yea the corruption and politicians are bullshit but the youths are no better. Opportunities xaina bhane banau natw, learn skills through internet instead of watching reels, and do something that actually matters. It is eaay to get success in a country which has no basic facilities because let&#39;s be hobest, you don&#39;t need new innovations. Youths have the power, we are active and can protest but guess what everyone is too selfish. Bahira pani sukha xaina I have seen many of my friends suffer due to high cost of living. Only go to foreign country if you can&#39;t afford basic living here. Self pity is the biggest problem.",Thaha Research,roman_nepali,Anti-Migration,Systemic/Political Anger,Collectivist-Nation,Hopeful/Motivated,0,
f4b9cec03af4,Wow...what a research what a content..<br>you deserve more views and subscribers...hats of to you brother....<br>keep uploading such quality content,The Nepali Comment,latin,,,,,1,
3edee3ed231f,"<a href=""https://www.youtube.com/watch?v=0jcF4qkDR44&amp;t=498"">8:18</a> this guy knows about Bhutanese refugees scams six months ago and there is nepal police who just barely start catching criminals.",The Nepali Comment,latin,,,,,1,
546c13e784a6,Think me immature but leaving country is good for our family ❤,IDS,latin,Pro-Migration,Family Obligation,Collectivist-Family,Hopeful/Motivated,0,
c800128dbc29,"Nepal has no future at all nepal is only for politicians, super rich ppl and gundas. Hardworking intelligent all are gone.  Nepal is hopeless",IDS,latin,Pro-Migration,Economic Necessity,Individualist-Self,Angry/Frustrated,0,
e5f6589aa511,Nepali life is much for fulfilling than life abroad!,Thaha Research,latin,Anti-Migration,Patriotism/Love,Individualist-Self,Pragmatic,0,
94109479103e,Thank you Bhai for this depth analysis video...hats of for your research and effort ❤❤,IDS,roman_nepali,,,,,1,
826e5c13d30c,kura haru jati share garnu vayo sabai milyo ma seetw ani mero friend group ma manai ho bidesh janna vanni 4 jana ko group bata eklo basney wala xu... thanks it sector is best ho aaile ko nepal ko halat dekherw vanna lai.. mani it nai padhdai xu...tapai bahun vayerw hola kura haru yesto milirako theyo ki ashu nai aayo mero love relation ship seetw ni milyo ani sathi ko mami ko kura ani aru thuprai>>>>,IDS,roman_nepali,Anti-Migration,Patriotism/Love,Individualist-Self,Hopeful/Motivated,0,
dae5bdddf4b5,Never disappointed with urs content dai ..<br>Keep going bro,The Nepali Comment,roman_nepali,,,,,1,
296b97849e0c,"Some heros does not wear cape and you guys are one of them. Thanking your team for this positive effort. As a concerned citizen of Nepal, I request your team to create a video addressing the issue of online toxicity among youth. This behavior, prevalent in social media and online gaming, reflects negatively on our society's youth mentality. I urge you to raise awareness about this issue and its detrimental effects on our future. Thank you for considering this request.",IDS,latin,,,,,1,
5081a70c59bf,Yo aune chunab ma afno vote sochera dinu hola chor neta haru le garda desh xodnu naparosh,The Nepali Comment,roman_nepali,Trapped/Regretful,Systemic/Political Anger,Collectivist-Nation,Angry/Frustrated,0,
9fce7ae703bd,Bro your content are too good..Hope to see nxt vid soon.,The Nepali Comment,latin,,,,,1,
b34409c9a0d2,मलाइ त यो video मा देखाउन खोजेको सबै चिज मन पर्यो | तपाई राम्रो content choose गर्नु हुने रहेछ | विदेश जाउ की नेपाल मै बसु भनेर दोधारे भएका युवा लाइ राम्रो संदेश दिनुभएको छ | म फेरी सोच माग्न भए - विदेश जाउ की यतै बसम .......,IDS,code_mixed,,,,,1,
cc901bab8542,Mww aaile diploma in civil engineering complete garerw baseko xuu result nw aauda samma 2... 3 months ali ghum gham gare aani result aaya paxi loksewa tayari garne vanne ghr batw sujhab aaya paxi ktm aaya .. maile 12 15 din class liya paxi loksewa batw maan maryo... Mww diploma garda 1st year batw aafno filed ko software haru aani practical knowledge maa badhi dhyan diyhe aani study maa chahi pass vairakhthe testo ramro marks ko lagi vanda pani practical knowledge mai dhyan diya rww college ko sabai sathi harule teacher harule pani ramro xaa timle paxi ramro garxau vanthe... So loksewa xodeko kei din maa nai maile yeuta draftsman ko vacancy dekhe tesma apply gare aani interview ko lagi call aayo... Maile interview pani diya aani college maa gareko aafno sabai project haru dekhaya rww tyaha job pani fix vayo... Upto 3 months kaam garepaxi... Dherai thau batw privet job bekar hoo loksewa nai garnu parxa vanne aayo tarw malai tyo privet job maa testo kei tension pani vairako thiyan kaam pani maile ramro nai gareko thiya but family vanda pani social pressure vanne ki k vanne... Maile feri job xoderw loksewa maa lage aaile 1 year vayo... I can't explain kasto feel hunx....  20 barsa  matra vayo malai but tei pani ghr ko jetho xora vayarw hola dherai nai jimmedari aakko feel hunx mero family lee kaile pressure deko xain kunai kurako lagi tei pani....... Maile youtube channel maa  software haru ko tutorials upload garne gareko hunale aali network pani thikai xaa... Kaam pani halka fulka aauxa monthly basis maa... room batw nai upto 10 to 15k earn garnw sakne gari only making some plans elevation simple design haru batw aani ramro kaam garnu pare badhi nai charge garnw... Tarw aaile yo loksewa study lee garda tyo pani xode... Natw malai aafno study maa improve vayako feel hunx rww... Skill haru maa pani continue garna pako xain.... So yadi koi hunuhunx jasle kei suggest garna saknu hunx... Engineering field ko hunuhunx vane aajha better hunthyo... Cause jo pani sarkari maa paisa xain vrastachar tww garnai parxa vanxan... Yati mehenat garerw naam nikale paxi decent amount decent tarika lee kamaunw sakinna vane... Kinw garne yati mehenat ...,IDS,roman_nepali,,,,,1,
00a6a0d3f4cb,"Nepaliko IQ 43 cha, so brain drain bhanda pani, muscle drain bhanna thik hola. Talented bhaeko bhae bideshine jatti le paila nepal banauna try garthein, ani banauna na sakda balla bidesh janthe. Aile ko generation ta bina try direct bideshincha😂😂😂😂<br><br>According to wiki human capital flight <br><a href=""https://en.wikipedia.org/wiki/Human_capital_flight?wprov=sfla1"">https://en.wikipedia.org/wiki/Human_capital_flight?wprov=sfla1</a><br>The term &quot;brain drain&quot; was coined by the Royal Society to describe the emigration of &quot;scientists and technologists&quot; to North America from post–World War II Europe. Another source indicates that this term was first used in the United Kingdom to describe the influx of Indian scientists and engineers. Although the term originally referred to technology workers leaving a nation, the meaning has broadened into &quot;the departure of educated or professional people from one country, economic sector, or field for another, usually for better pay or living conditions&quot;",The Nepali Comment,roman_nepali,Neutral/Observation,Economic Necessity,Collectivist-Nation,Pragmatic,0,
f3f7b0af58ab,"Euta sarkar lai thik parna lai euta ramro karmachari nai pugxa tarah k garnu hamro desh ko pahilo chutia ani vrast vaneko nai karmachari ho ani tes paxi MC neta haru ani additional jhan yo corruption lai yo awastha samma purauna ma mainstream media and corporate ko haat xa ,esma most corrupted ko hola ? Sabai MC haru ustai ho ! Aba upai vaneko kada vanda kada punishment dinu parxa ani aaja samma ko sampatti ko xaanbin garera lifetime jail ma kochnu parxa ani matrae nepal ma kei changes auxa otherwise same ho kei huney wala xaina",Thaha Research,roman_nepali,Neutral/Observation,Systemic/Political Anger,Collectivist-Nation,Angry/Frustrated,0,
52f9d1be1c07,Sad news😢,Thaha Research,latin,,,,,1,
b0400048e0f0,"Apply गरेको छ महिना भइसक्यो यो बीचमा धेरै पैसा खर्च भइसक्यो। पहिले आफूलाई नचिन्नाले बिदेस मात्र भविष्य हो भनी apply gariyo अब देश छोड्ने कुरा सोच्दा आँखा बाट आँसु बग्छ । सायद यस्तै दोधारे स्थितीमा बाँच्नु लाई नै जीवन भनिँदो रैछ। तर अब विदेश मा पढाइ सकेर देश फर्की देशलाई बनाउने आफै सँग कसम खाएको छू। मेरो देश लाई सुन्दर ,समृद्ध र शान्तिपूर्ण बनाउन अवस्य देश फर्किने छु। 🇳🇵💓",IDS,code_mixed,Anti-Migration,Patriotism/Love,Collectivist-Nation,Despairing/Sad,0,
3eb1f00f72da,"नेपालमा राम्रो कमाई भए पनि के गर्ने???<br>सरकारी हो या प्राइवेट हस्पिटल मा लाखौं खर्च गर्ने क्षमता हुँदा पनि पार्टी को पहुंच नहुने हो भने राम्रो उपचार र सेवा पाइँदैन। भाग्य को खेल ले केही कानुनी सहयोग लिनु पर्ने भयो भने त के भन्नु। पैसा तिरे जस्तो न सेवा छ, न पैसा तिरे जस्तो लोकल होस् या विदेशी समान पाउँछ, साधारण एउटा मान्छे ले पाउने व्यक्तिगत हक पाउन नेता चिन्नु पर्छ भने नेपालमै लाखौं पैसा कमाएर के गर्ने???",IDS,devanagari,Pro-Migration,Economic Necessity,Individualist-Self,Angry/Frustrated,0,
458d2214c1bd,"Nepali people&#39;s young and children are future citizens of forigen country like United kingdom, USA, Japan,India, Australia, exc,",Thaha Research,latin,,,,,1,
ec8e2e381987,Hami it padheko xoina <br>Hami k garne,IDS,roman_nepali,,,,,1,
f5cd97534d1d,Ma pani aafni desh xodna ko laghi tayari gardai xu din rat na vani🙂,IDS,roman_nepali,Pro-Migration,Economic Necessity,Individualist-Self,Despairing/Sad,0,
63b57df2b1d1,Journalism 101 …. Amazing brother … this is the future of journalism …. Time to ditch the mainstream Nepalese propaganda spewing machine …,The Nepali Comment,latin,,,,,1,
eb7109fd0ea9,खुब देशको चिन्ता भए जस्तो क्या।।नेपाली सेना विवादमा चुइँक्क बोल्यौ र?????,IDS,devanagari,,,,,1,
f2c227e9d525,as a class 12 pasout just now I am also in such a dilemma for my future,IDS,latin,,,,,1,
f69f97b1664a,Yo sab nepal sailing hanney yojana ho neta huru ko,Thaha Research,roman_nepali,,,,,1,
29cfb98300f5,This earth belong to whole humanity,The Nepali Comment,latin,,,,,1,
eb81c148dbc7,Aama Nepal 😭,IDS,latin,,,,,1,
492f3dace74b,What a nice content man good job 👍 ❤,IDS,latin,,,,,1,
37db7aa2a121,for me pariwar,IDS,latin,Neutral/Observation,Family Obligation,Collectivist-Family,Pragmatic,0,
78d8ad7d8776,"ma chai Kei Expertise layera farkina parcha vanne Soch ma chu, Taba sama man ko kura man mai !! But really appreciate your efforts and skills Brother and your Team! from Canada.🪡",IDS,latin,Anti-Migration,Patriotism/Love,Individualist-Self,Pragmatic,0,
6bfe3bbf6d43,First need to change Citizenship rights to dual one.,The Nepali Comment,latin,Pro-Migration,Patriotism/Love,Collectivist-Nation,Pragmatic,0,
d0b134e33287,Nepal Sarkar le kai ramro garla vanera aas garera basni manche yo duniyakai sabvanda thulo murkha ho,The Nepali Comment,roman_nepali,,,,,1,
c9623ca3792a,म बाँचे नबाँचे पनि मेरो देश बाची रहोस् 😢🇳🇵,IDS,devanagari,,,,,1,
bba0d62b9389,ukraine ma khasayeko  bomb ley romania ko sisa futo?,IDS,latin,,,,,1,
5c64724ab788,देशै बेच्ने पो हो कि 😅😂😂😂😢😢😢😢😢😢😢😢😢,IDS,devanagari,,,,,1,
fb37c37b994e,3million haina 30million,IDS,latin,,,,,1,
a50936b1edf5,U are and your content😢❤ i am currently doing part time digital marketing but i am not leaving this country ☝️💪,IDS,latin,Anti-Migration,Patriotism/Love,Individualist-Self,Pragmatic,0,
5de02d3ea910,Loksewa ko competition kaam hudaina bro loksewa ko seat nai ghaterw aaux.... Desh sanga arthatantra hunu paryo nii..,IDS,roman_nepali,,,,,1,
22ba571c63f4,Aba timro po doller ma payment aauchha youtube bata ani job abta aako salary le ghar bar chala hamro ta company le 20k dinchha tesle padhu ki pariwar palnu hau,IDS,roman_nepali,Pro-Migration,Economic Necessity,Collectivist-Family,Angry/Frustrated,0,
51642547ff26,I am currently studying in class 11. This content is way more effective for me. Now I can make decisions either live in Nepal or leave it. Thank you sir from this student.,IDS,latin,,,,,1,
2162b2b79d78,"Yo karar maa jaagir khuwane banda garnu parxa. Afnata parne , raajnitik ma hune ko maanxele job pauxa. Ani vacancy kam khulauxa lok sewa aayogle. 65 janako kotako lagi 7k-8k hunxn. Yo ni khaarej garnu parxa",Thaha Research,roman_nepali,Neutral/Observation,Systemic/Political Anger,Collectivist-Nation,Angry/Frustrated,0,
649390983cb3,Dipesh bro isareal ko vdeo banaunu hai ma tah fan vaye yo desh ko technology ra mossad vanne agency dekhera 🥰🥰🥰,The Nepali Comment,roman_nepali,,,,,1,
33cb4a5d4171,Nice deshmai kai garna parxa vanni sooch xa but economically struggling family,IDS,roman_nepali,Trapped/Regretful,Economic Necessity,Collectivist-Family,Despairing/Sad,0,
6b93cc3ebe0c,Thank you so much for this awesome video ❤❤ keep it up ❤,IDS,latin,,,,,1,
ed1719e8b7d9,"The problem here is people who want to work hard do not get better result and there are people who want to leave the chaos. Either way people are leaving. And the sad news is that most are youths who are needed for any country to run its economy, and other important functions efficiently and smoothly. This is very clear that getting rid of youths is the only way to win every elections for politicians.",IDS,latin,Neutral/Observation,Systemic/Political Anger,Collectivist-Nation,Angry/Frustrated,0,
1667d5b0bf49,Genuine saving kati samma hunx uta,IDS,roman_nepali,,,,,1,
e3d0a07120a9,why so much risky moves people take in life teti mihinet garera paisa kharcha garera teso garnu vanda easily they can spend time in gulf countries with the same effort they applied taking risky moves,The Nepali Comment,roman_nepali,Neutral/Observation,Economic Necessity,Individualist-Self,Pragmatic,0,
2728f98b7937,"Babaal content  lagyo - little bit touching, emotional, knowledgeable, and fact-filled now I have no regrets about choosing the IT sector here in Nepal. After watching the video, I have decided to continue living here ;)",IDS,latin,Anti-Migration,Patriotism/Love,Individualist-Self,Hopeful/Motivated,0,
500c64303769,Build your own country,The Nepali Comment,latin,Anti-Migration,Patriotism/Love,Collectivist-Nation,Pragmatic,0,
8b29923ac5db,Yo post fb ma share garnu milcha ki mildai na sir alikati choto crop garera,IDS,roman_nepali,,,,,1,
8194e0001040,Manchhe lai manchhe jasto byawahar garnus manchhe lai desh ko kamdar ko rup ma matra herne ho bhane kehi ubho hudaina,The Nepali Comment,roman_nepali,,,,,1,
4f88d1203c7d,great job bro,The Nepali Comment,latin,,,,,1,
65894d4a228b,"As knowing The world is everyone&#39;s home, and it should be easy for everyone to visit any country.",The Nepali Comment,latin,Pro-Migration,Patriotism/Love,Individualist-Self,Pragmatic,0,
3196c41690ad,Hats off to you guys for this amazing content with factual data,IDS,latin,,,,,1,
27889c1c314c,"Great presentation यसमा हाम्रो सरकार निजी व्यवसाय क्षेत्र,स्वयम हामी जनता, विधालय सबै क्षेत्रका सस्था व्यक्ति दोषी छौं।",Thaha Research,code_mixed,,,,,1,
4108330206c8,Thankyou so much sir for informative and motivative video.❤ 🇳🇵,IDS,latin,,,,,1,
8d2dd8732740,यस्तो विडियो हेर्न त्रि.वि र मन्त्रिहरुलाई हेर्न फुर्सद मिलोस्  ‌बहस हुनु पर्ने कुरा बहस् होस् बाँकी कुरा देश छाड्ने वालाको एक युवा म पनि हो।,Thaha Research,devanagari,Pro-Migration,Systemic/Political Anger,Individualist-Self,Despairing/Sad,0,
813fcd6b88d6,It’s fashion,IDS,latin,,,,,1,
7c4c4fa4a5ee,its all beacaue of indian who are not giving first preference to nepalese... they are buying everything from india and don´t use nepalese product...i dont see indians in bhat bhateni...,IDS,latin,,,,,1,
cd7e1e14fa9a,"I came to the Uk in 2020, at that time I wanted to come back Nepal after study in 3 years but time sangai now I don’t have answer “Nepal gyer k garne ?”.. at least Yata Basera m, I am fulfilling needs of my family…Paisa Kamayer Nepal janxu business grxu vanne ho vane pni thaha nai xa Nepal ko halat politics power bina",IDS,roman_nepali,Pro-Migration,Economic Necessity,Collectivist-Family,Pragmatic,0,
fff2097f28cf,Taliwan jastai satta kabja hunxa Nepal ma kehi time ma,IDS,latin,,,,,1,
c0a15ecfc44a,rahar ley haina badhyata ley ho hajur 🥲,IDS,roman_nepali,Pro-Migration,Economic Necessity,Individualist-Self,Despairing/Sad,0,
7096fdb4437b,"Nepal ma sarkarle ramro kam garna sakira xna haina ki, kamai garna sakeko xna",The Nepali Comment,roman_nepali,Pro-Migration,Economic Necessity,Individualist-Self,Despairing/Sad,0,
700c19da6333,Its real worthless yaso paxadi herda.. many years working hard and making money collecting money paid 10 minimum to 20 25 lakh ani yai W.p immigration paunu lae kam wages ma ani jindagi ko riak liyera garchan manxe le yo bhanda boru kam lagat ma 1 to 2 lakh samm ma investment garera qatar dubai Malaysia jada uuchit huncha. Think nicely  jay Nepal 🇳🇵,The Nepali Comment,roman_nepali,Pro-Migration,Economic Necessity,Individualist-Self,Pragmatic,0,
804eeaf3793e,Nepal basau bhaner desh bhakti dekhaunu vaneko feri 16 hajar barabar jati marer feri ganatrant lyunu pani jasti ho,IDS,roman_nepali,Pro-Migration,Systemic/Political Anger,Collectivist-Nation,Angry/Frustrated,0,
c70d6fcf2897,my husband is crying in middle of night after watching your 30min video after his 16hrs long shift here in Australia .,IDS,latin,,,,,1,
0f57b77f2ba1,Just blow out my mind.<br>I am 19 yr old thinking same as  you or every Nepalese rn.<br>Loved ur content creation❤just magic to the mind .<br>Ur single video change my pov abt going aboard for a time,IDS,latin,Neutral/Observation,Patriotism/Love,Individualist-Self,Hopeful/Motivated,0,
fcda5ec043f2,Hey Vagwan Sakesamma yo deshma basna napaiyoossssssaa🕉️🇺🇸🙂♥️🎓<br>USA nai Jane Ho permanently ✊🇺🇸🇺🇸🇺🇸🇺🇸🇺🇸,Thaha Research,roman_nepali,Pro-Migration,Economic Necessity,Individualist-Self,Hopeful/Motivated,0,
0d904423d16a,"Yestari US, Australia aunu vanda baru afnai desh ma kehi gara sathi ho. Dherai yestari ayeko veteko chu ra uni haru ko health khatam cha, kati bato mai mare. Baru school padhera exam diyera mehanat garera aunus vanchu.",The Nepali Comment,roman_nepali,Neutral/Observation,Patriotism/Love,Collectivist-Nation,Pragmatic,0,
459e77e99ba1,Dai ko afno podcast ko reach(views)  increase garna technique,IDS,roman_nepali,,,,,1,
711c5b562fa6,"Your content is fire, keep inspiring the young minds!",IDS,latin,,,,,1,
5a5c7db097c3,Dont support illegal migration.,The Nepali Comment,latin,,,,,1,
fc5b857fc069,Lasta mah tei maya pani poila hindinxa paisa na bhaye kura kura nai ho risk lina lai capital xa bhane nepal basney gujara garera matra life chaldaina ni hajur just job garera hudaina,IDS,roman_nepali,Pro-Migration,Economic Necessity,Individualist-Self,Pragmatic,0,
6ceb9a1e92a6,"British should ruled Nepal, For development.",IDS,latin,,,,,1,
f4eac40bfd53,Hamro desh ko sabai kuna ma small business industris ra agriculture hudaina hami ley job ne paudaina ani afno desh ma basna ne paudainau😢,The Nepali Comment,roman_nepali,Trapped/Regretful,Economic Necessity,Collectivist-Nation,Despairing/Sad,0,
6739a5842dae,Kam xaina 100 jana ma janma 1-2 jana lay garera k hunxa ra desh ma aru 98 jana chai bidesh jana bahek option nai xaina,IDS,roman_nepali,Pro-Migration,Economic Necessity,Collectivist-Nation,Angry/Frustrated,0,
e82591436390,Corruption <br>Education khatam<br>Health system khatam <br>Sarkari kam ta jhan khulit <br>No job employment <br> <br>Ani yo deshma k garna basney basney vaneko chor  neta haru matrai yo deshma,Thaha Research,roman_nepali,Pro-Migration,Systemic/Political Anger,Collectivist-Nation,Angry/Frustrated,0,
f24157beda7e,"What a nonsense never forget that foreign country will always treat you as a second citizen also if we as a nationalist can protest to stop getting indians our citizenship and jobs then they can do the same its completely justified this shitty consultancies (educational and tours)<br>Should be completely closed and embrace the nationalism,if so then why dont these two people go abroad",IDS,latin,Anti-Migration,Patriotism/Love,Collectivist-Nation,Angry/Frustrated,0,
ee7e01b60b97,GEM of Nepali YouTube ❤️,The Nepali Comment,latin,,,,,1,
7d07183fa081,Mai ni varkhar 1 mahina aaghi aako xu rojgaar ko lagi. K garnu 10 barsha dekhi kosis gariyo Nepal ma tara ghus diyera sarkari kaam ma laagne lagi haley ra aafule last ma private job gariyo tara Nepal ko mahangai ma kamako bhanda badhi kharcha le garda hidna badhya vaye. Yad kati aauxa aafno thau ko ra pariwar ko tara k garnu testai awastha aai paryo.,The Nepali Comment,roman_nepali,Pro-Migration,Economic Necessity,Individualist-Self,Angry/Frustrated,0,
00fd003a2544,Hjr ko yo video ra bichar dharale man xoyo sir  <br>Sabai janaale  yo video share gardiu <br>Guys,IDS,roman_nepali,,,,,1,
318cc29354db,One of the best YouTubers of Nepal. appreciate your hard work bro 👍☺️☺️,The Nepali Comment,latin,,,,,1,
9c2aa213f38f,My first ever subscribed video after being in youtube for more than a decade. This Man&#39;s research covers every facets of information. Please keep posting informative videos. Kudos......,The Nepali Comment,latin,,,,,1,
75dc25801776,541 BHAKO RAIXA 1541 KO THAU MA 2021 KO DATA  MA,IDS,latin,,,,,1,
ae6453bd64a4,Thanks for the much needed motivation bhai! Nepal nai basincha :D,IDS,roman_nepali,Anti-Migration,Patriotism/Love,Individualist-Self,Hopeful/Motivated,0,
b28873c863d8,"Yes, this is an serious issue. Our youth they are dreaming to go abroad and settle their government should do something to deal with this issue ASAP!!",IDS,latin,Anti-Migration,Systemic/Political Anger,Collectivist-Nation,Pragmatic,0,
ab1c603d4978,"The best video uploaded in this channel. Dui tin ota line le man yesko choyo, aakha nai rasayo. Thank you for ur contribution. Much love n respect to u ❤️❤️❤️",IDS,roman_nepali,,,,,1,
b58f63410eaf,"Three out of four of my children and their children are living in UK. One is in the US. They are all citizens of the respective countries. Me, a Britishko lahure, sold my house and land and am now living in UK with my children. I would like to go back to Nepal. Everybody knows what and who caused the exodus? After watching this video, I have tears in my eyes.",IDS,latin,Trapped/Regretful,Patriotism/Love,Individualist-Self,Despairing/Sad,0,
5b77ef21716d,99% of you do not qualify.. in fact once they have you- they will get your info- pic- finger prints and Deport you immediately...WITHOUT EXCEPTION. You won&#39;t be able to read apply for another 10 years- if you are caught here illegally- it could include JAIL TIME.,The Nepali Comment,latin,,,,,1,
7d773a8882ad,People are leaving Nepal because they are going to abroad,Thaha Research,latin,,,,,1,
79a4c9461a1b,now thats a content. keep up the good work,The Nepali Comment,latin,,,,,1,
0f6f8d366506,"It is very sad that nepali youngsters are leaving Nepal and Indian are taking nepali citizenship. If it keeps on going on very soon there will be no Nepal in world map😢😢😢😢 you can’t find any happiness in this world. Just find peace inside you. Everything is inside us, don’t just follow money, cars house. Try to find happiness. I realise this recently n finding peace inside me. If 10%of educated ppl r like balen sir, soon nepal will become Switzerland. So stay positive n think positive. Jai balen sir",IDS,latin,Anti-Migration,Patriotism/Love,Collectivist-Nation,Despairing/Sad,0,
3e97191b49ff,"Diaspora kai kura garda indian haru ko diaspora india sanga ekdumai connected chha,,, but Nepali haru ko case ma NRN ko second generation Nepali le nai Nepal lai ruchaudainan. Why? Ghumifiri kura tehi aaunchha, Diaspora le pani tetibela matrai afno purkhauli desh lai apnauchha jaba purkhauli desh ko ni kehi ijjat/naam chaleko hunchha.",The Nepali Comment,roman_nepali,Neutral/Observation,Systemic/Political Anger,Collectivist-Nation,Despairing/Sad,0,
b0e05336ec03,40 dekhi 55 lakh samma dalaal lai diyera america jane 20 25 jana ta maile nai veteko xu.. uniharu madhye 3 jana le jyan gumaye laas ni firta payenan family le.. tetro 40 50 lakh le ta afnai desh ma kei garnu ni khai buddhi...,The Nepali Comment,roman_nepali,Anti-Migration,Patriotism/Love,Collectivist-Nation,Pragmatic,0,
bb5b88d04ad2,Yo nepal matra hoina sopoi garab desh ko katha ho even European country jastai Romania Poland Bulgaria Bangladesh Sri Lanka Pakistani 😅,IDS,roman_nepali,,,,,1,
058a4f7413a5,Yo sab bahunbaad ko karen ho hajur desh kangaal vayeko xa,Thaha Research,roman_nepali,,,,,1,
72f7890be4b0,Please speak full English or full nepali😢😊 like ur videos🎉,IDS,latin,,,,,1,
e697efd3db29,😢😢😢no words.,IDS,latin,,,,,1,
9f9d7d6c55c2,I hate my birth in nepal    nepal is hell in the world,IDS,latin,,,,,1,
42ec7bc4f65d,Bahun ko kam chaina jaba samma bahun hru hunchan taba samma desh bikas huna sakdaina,Thaha Research,roman_nepali,,,,,1,
550895cd294a,"Tara yeuta kura birsana bhayo hajurle bhanna. Yeso sochnu hos ta.. Parents haru pani jimberwar chan chora chori bidesh jaanu maa. Kina ki dherai jaso parents le Dr. Enginneer, Pilot, Nurse matra baneko herna chahancha afno chora chori. Yesai karan le garda chora chori ko aru talent haru use garera yaha kei garchu bhanne lai baato nai chaina. Ra tee chora chori haru Bidesh jana pareko cha paisa kamauna..",IDS,roman_nepali,Neutral/Observation,Family Obligation,Collectivist-Family,Pragmatic,0,
8872b3d25033,Because youth want to chin tapak dam dam with kuireni,Thaha Research,latin,,,,,1,
6686fb59675a,"1K, 2k rupee liye ra vote dine aafhono aama bahini baccha haru ko future ani safety  ,freedom sab becha dine ani bhanu ki nepal ko leader nai ghatiya xa ani tiyo ghatiya mancha lai jityo kasle ta hami nepali le ani sab thulo ghatiya ko tab hami nepali aafhaia choose garne aafhaia gali garne Nepali honi 😂😂😂",The Nepali Comment,roman_nepali,Neutral/Observation,Systemic/Political Anger,Collectivist-Nation,Angry/Frustrated,0,
d5fd17e162b0,Bro m chai raharle grda bidhes aayee harek nepali short timeko laghi bidesh aawnu nai parchh ..aamako Maya sanggai basda bujnu gharo hunchh bt pardhesh laghee pochi aamako Maya dhesh ko maya dhobbar badheraw janchh so,IDS,roman_nepali,Pro-Migration,Economic Necessity,Individualist-Self,Pragmatic,0,
c917632f4795,"As a content creator and holding a business with good salary at my own, Yes, Money management kahile pani school ra clz ma detail study vayena…<br>After my 10+2 i never thought of travelling abroad.. bur Rn only one thing determines…. Future(Yaha jati kamauxu tesla nata malai pugi rako cha , Pariwar ta tada) 50-30-20 rules kasaile sikayenan just afno freedom passion ra needs lai focus garxam…<br>Now personally i think… i need to migrate just ( Leave )<br>Middle class family j garam yaha 1 core nei kamam ya udam<br>Just auta word hits ( Pariwar budo hudai chan and they regret yaha basera paisa chinena nata sangat baira jau yo yaha udyobtyo tyaha cha tah screen ma matra sabaiko lagi ramro hamro agadi we know how you are)<br>That thing really hurts, i never had have thought about moving abroad<br>Feri arko kura ( pariwar le vaneko sahi ho aru josukei le j sukei vanun)<br>Jaba apply garxam ( reject )<br>And that’s hell part of story<br>However gardai xam garxam again and again but thanai xaina k gardai xam<br>Baira garda ni hudaina ya garda ni hudaina <br>Life is mess jasto jagcha at the age of 23<br>I wish i could have got right guidance <br>Ahile afno decision ra pariwar ko umer, ichya ra vawisyasochna parne cha<br>Hope everything goes right <br>Never stop studying<br>Never pause your passion <br>Go with flow<br>I’ll wait for my day<br>And you should <br>Time na aaie kei hunna yei garxu vaney ni baira garxu vaney ni<br>Patience is the key <br>Just enjoy, cheers to the life we got to live😃❤️<br>Go green☘️",IDS,roman_nepali,Trapped/Regretful,Economic Necessity,Collectivist-Family,Despairing/Sad,0,
9f31a341eeb9,Go go that’s it that’s all,IDS,latin,Pro-Migration,Systemic/Political Anger,Individualist-Self,Angry/Frustrated,0,
a59ee3b1d795,I am crying with this .. sold my nationality for happiness. After a decade..i think I left that happiness behind in my own country ❤,IDS,latin,Trapped/Regretful,Patriotism/Love,Individualist-Self,Despairing/Sad,0,
2fd5a4650cca,"This isn’t issue for Nepal only rather is issue for all developing nation. Other side of globalization but when globalization stops, we may get chance",The Nepali Comment,latin,,,,,1,
eb2e20588366,Vai suni sakeko kura feri pani repost nagarana hau mujieee  chai vannu.. wait for reply of it 🤣,IDS,roman_nepali,,,,,1,
567e1938977b,सबै बिदेश गयर ५/१० लाख जनता मात्रै बसे भने पनि  आफू त देशमै बसिन्छ।,IDS,devanagari,Anti-Migration,Patriotism/Love,Individualist-Self,Hopeful/Motivated,0,
23afd21043d8,This is what quality speak ❤️❤️,The Nepali Comment,latin,,,,,1,
1580c9c8e76d,म पनि नेपाल मा नै छु।तर  सबै साथी हरु विदेश जाँदा अनि तनाव हुँदा  बेला बेला म पनि गैदिम जस्तो लाग्छ। IDS काे यो भिडियो हेरे पछि म पनि आशावादी भएको छु।<br>यो भिडियो काे लागि धेरै धेरै धन्यवाद।❤,IDS,code_mixed,Anti-Migration,Patriotism/Love,Individualist-Self,Hopeful/Motivated,0,
9e4332a9b4dc,maa  affele  engnr padhe ra depressed xu tesaile aafono annubhava vaneko,IDS,latin,Trapped/Regretful,Systemic/Political Anger,Individualist-Self,Despairing/Sad,0,
c620614f1a8d,Optimistic thoughts.,The Nepali Comment,latin,,,,,1,
032838647f9d,15 वर्ष भयो अब खाडीले पुगेन अब युरोप तिर लागिन्छ होला।,IDS,devanagari,Pro-Migration,Economic Necessity,Individualist-Self,Despairing/Sad,0,
447896fe2546,Professional research channel in nepal i had never seen,IDS,latin,,,,,1,
98ddef7c6ef4,hajur le yo video tw banaunu bhayo sabbai hernu pani heryo <br>                          tara power ma bhako manxe haru le yo sabai ignore garxan bhanne ki desh lai sabhya garna man nabhako ho<br>Awaj uthyo dabaune ma matra soch xan.................. k garnu <br>                                                 Aba kehi barsha paxi jagarukh uwa haru ko udaiya hune xa government choose garna sakne hunne xa ............<br>aba aaunne chhunau ma hernu parxa hamro bhawisya k hunne xa....<br>                        hernu parxa nepal ko naya uwa le kaslai choose garne xa aafno leader ko roop ma.....,IDS,roman_nepali,Neutral/Observation,Systemic/Political Anger,Collectivist-Nation,Angry/Frustrated,0,
e5abd1943f72,भारत को खर्बपति त भारत छोड्दैछ।,The Nepali Comment,devanagari,,,,,1,
1132edfe310d,abba mero nee palo ayo bidesh janea . yo desh maa future nai xaina,Thaha Research,roman_nepali,Pro-Migration,Systemic/Political Anger,Individualist-Self,Hopeful/Motivated,0,
c91f60ecc067,"Tara yei dollar ko tax badhako badhai chha, last year 1% thyo, aile 5%, next year probably 10% garne hola. Aile feri freelancer lai darta garnu parne bhanera dukha dina khojirako chha. Aile AI ko jamana ma software ko ni future long term chai dekhdina ma. Baru desh bhitra paisa lyaune sabai jobs haru lai taxfree gardinu parne ho. Tyo garyo bhane bidesi haru pani nepal aayera kaam garera desh ma paisa lyaune chance hunchha. Freelancer tax badheko ra tiktok jasto paisa kamaune app haru ban bhako le tax free or less tax country(like dubai or spain) tira gairako chhan. IT sector lai matra mukh takera basna chai sakinna, sarkar afai yo kura research garera sajilo freelancer haru lai gardinu parchha.",IDS,roman_nepali,Pro-Migration,Economic Necessity,Individualist-Self,Angry/Frustrated,0,
9fa6c7c24436,Curretly I am studing BBS 3rd year and out of 40 students in 1st year now there are only 10 students are left in the class .<br>Private college ma ramro hola bhani padha ko depressed po feel hunxa.<br>And baki students pani abroad jana try gari raxa even in arab countries .🥲,IDS,roman_nepali,Neutral/Observation,Economic Necessity,Individualist-Self,Despairing/Sad,0,
525c5cd93ac6,Such a informative video thank you so much sir.. ❣️❣️,The Nepali Comment,latin,,,,,1,
410b96c3abc0,This is too good ☺️☺️ <br>Well explained <br>Very informative <br>Very helpful ❤,IDS,latin,,,,,1,
d66b05a88632,"Mailey ni paila janxu bhaneko. Paxi dherei ghatana haru dekhey, afno pariwar sanga time bitauna sakina bhaney jindagi jiuna ko maja k xa rw jhai lagyo. Ayiley padhdei xu yetei. Mero lakshya bhaneko kehi ramro garera yetei pariwar sanga time spend garney majaley. But yesto dar ni xa, paxi kehi na bhayera bahira po jana parlaa ki.. rin lera padhdei gareko, paxi tirna na sakera bahirei jana parxa ki?... Nepal maa ramro garxu bhanney ko kaam xaina, sayad mero ni hunxa jasto ni lagdeina✨🖤",IDS,roman_nepali,Neutral/Observation,Family Obligation,Collectivist-Family,Pragmatic,0,
689bbaa97a3f,"If your mother is sick you care for her, you don&#39;t leave her to die and settledown in your neighbour&#39;s house. This is exactly what Nepalese youths are doing",Thaha Research,latin,Anti-Migration,Patriotism/Love,Individualist-Self,Pragmatic,0,
bb7d06273b1d,Ma nepal aauxu voli japan bat<br>Runa man lagyo yo vdo herer,Thaha Research,roman_nepali,Anti-Migration,Patriotism/Love,Individualist-Self,Hopeful/Motivated,0,
f75791a41558,30 million hunxa solti 3 crore vaneko,IDS,latin,,,,,1,
0fca8ce95998,It’s most important news you displayed,The Nepali Comment,latin,,,,,1,
338471b111bc,"Optimistic video, but the reality of our country is same as Haiti. **Until and unless we get rid of corruption nothing will change**. It is not about the changing &quot;system&quot;. Don&#39;t get mistaken, it doesn&#39;t matter which person or group or clan is ruling the country, it is about if those persons, groups or clans are serving the Nepalese people or not.",The Nepali Comment,latin,Trapped/Regretful,Systemic/Political Anger,Collectivist-Nation,Angry/Frustrated,0,
a755952125f7,"I have a similar incident of my own cousin. He went to study in Manchester, but couldn&#39;t focus on his study, his results were very poor so university didn&#39;t gave him letter or something like that. So, he escapes from UK went to Paris from there he took flight to Portugal and tear his passport. It&#39;s like 2 .5 years ago. Now he is living living life as hell. He cannot return to Nepal and working on minimum wages, still he doesn&#39;t get paid sometimes considering him as refugee or Indian origin by locals of Portugal. Nowadays it&#39;s a trend like students escaping from UK to European countries.",The Nepali Comment,latin,,,,,1,
3e7f896a73bf,Dirty politicians r unstable politics le Garda ho <br>Tauke budha haru le k garya xa r,Thaha Research,roman_nepali,Trapped/Regretful,Systemic/Political Anger,Collectivist-Nation,Angry/Frustrated,0,
cca8f90fbbed,Thanku for your hard work and kind of information <br><br>aru kai help garna naskeyni hajur ko channel ma ayako Ad full time watch gardinxu ❤️<br>thanks again,IDS,latin,,,,,1,
c83a3d8cf1e7,"halo jotna ta aba jamin pani pahila jasto ka xara sabai concrete le khaisakyo ra pahilako manxe jasto mato ko maya, dukha garna sakne himmat ka xara ajkal@burneyes744",IDS,roman_nepali,,,,,1,
d7732648ad60,Dherai gar na sakin cha Nepal mai. Let's unite for better Nepal,IDS,roman_nepali,Anti-Migration,Patriotism/Love,Collectivist-Nation,Hopeful/Motivated,0,
b92cce14db27,"Dherai Dherai dhanyavada hjr,Dherai ramro news deynu vako mah malai chai ramro lagyo sir 🙏 fare fare pani yestai satya ghatana ko news didai garnu hola we are supposed of you, thank you so much 💓 sir",The Nepali Comment,roman_nepali,,,,,1,
0b082f11343c,Was thinking of this some days ago and u did it like u read minds kudos,The Nepali Comment,latin,,,,,1,
1686db19fae3,Jewish diaspora haina zionism vanu,The Nepali Comment,latin,,,,,1,
4caa62c5752d,लुटतन्त्रको उपलब्धि।,Thaha Research,devanagari,,,,,1,
d57be69f2dd7,One Day I Will Leave This Country Ever and Ever Permanently settling in Another country Gaiko Masu Khane kasam♥️🇺🇸,IDS,latin,Pro-Migration,Systemic/Political Anger,Individualist-Self,Angry/Frustrated,0,
75cf28a9e8f8,What a reserch dajuu. Hands upp,IDS,latin,,,,,1,
b481c9758a20,आफ्नो गाउँ  घुमेपछि मनमा उब्जिएको प्रश्न ...??<br>अब कति समयमा देशलाइ <br>&#39;युवामुक्त देश&#39;<br>घोषणा गर्न सकिएला????🥺,Thaha Research,devanagari,,,,,1,
67527ff9ac7f,Maya moha ma aljinna vai...afu bache ta arulai bachaune ho....kehi changer hunewala xaina,IDS,roman_nepali,Pro-Migration,Systemic/Political Anger,Individualist-Self,Despairing/Sad,0,
3d692a0d540f,Yo desh ma gari khane khaita batabaran banai deko yo varatiye dalali haru le kasko chai future xa yo desh ma nata teacher nata doctor scientists nata businessman nata students khai ta gari khane bato banai deko vako jati sabai desh xodi rahexa,Thaha Research,roman_nepali,Trapped/Regretful,Systemic/Political Anger,Collectivist-Nation,Angry/Frustrated,0,
8bbb398a3579,Portugal pugera video herdai chhu.<br>Kahani relatable chha,The Nepali Comment,roman_nepali,,,,,1,
2f851952cdb3,Mo US gako ho illegally jati vaninxa teti khatra pani xaina… panama jungle 2/3 matra hoo hidne … hajur le vanne ko batoo ahile ko ho pahile tiyoo batoo hudai jadina the South America samma…,The Nepali Comment,roman_nepali,Pro-Migration,Economic Necessity,Individualist-Self,Pragmatic,0,
1e37ddbdde0c,3 crore=30 million,IDS,latin,,,,,1,
5ec967de77c0,"This was a good one, brother. Honest and true. Keep up the good work.",IDS,latin,,,,,1,
0a54eb01ac4c,"The choice between staying in Nepal or seeking opportunities abroad is complex, with valid arguments on both sides. It's a decision many of us can relate to, and it's important to weigh the pros and cons carefully before making such a significant life choice.",IDS,latin,,,,,1,
f5b02e549440,Me watching this after the F1 US visa grant.,IDS,latin,,,,,1,
c14758b5308a,I regret studying at TU. i lost all the time on earning money and life,IDS,latin,Pro-Migration,Economic Necessity,Individualist-Self,Despairing/Sad,0,
7ea5d1b2e092,Thank you for using the photo of my house's shutters without permission.,IDS,latin,,,,,1,
e1d94c5d7bc6,I think everyone are crying by seeing this video content appreciated it hugely and salute to you .Like if you cry 😢😢😢,IDS,latin,,,,,1,
726813dc3846,"khacho xa, chaiyeko xa, garnu parxa. Tara garne kasle. Nepal thau ramro tara manxe alxi ho. Pahila nai british haru le kabja garera taha lagako bhayo kei hunthiyo hola. Aba ta garo xa.",IDS,roman_nepali,Trapped/Regretful,Systemic/Political Anger,Collectivist-Nation,Despairing/Sad,0,
f94564dc561b,"ma ayo vedio bidesh (portugal)  mae basarh hirako xu , at first ma nepal ma huda pani bidash nae saab thak jasto lagthyoh but after when i came abroad, things are not like what i think in nepal.  hola nepal vanda ali bade income ta hola but eha kharcha pani tastie hunxa. like you said maya. yes thats really matter i miss every things of nepal, eha ayrh tha vayoh ke ateh mahant garni baru nepal mae garako vayah i will be more happy. i want happiness in my life so ava ko 1 or 2 years mah i will be returning my country nepal.  <br>from my side what i suggest is bidesh ghumnu parxa ,thawu dakhnu parxa but j vayah pani afno thawu vanko afnie hunxa ayoh kura bideash gayah paxe tha hunxa kasto hunxa afno manxey haru ko najik rahada.",IDS,roman_nepali,Anti-Migration,Family Obligation,Collectivist-Family,Despairing/Sad,0,
edaaead8198d,Ta pani janxas ek din bidesh..😂 .,Thaha Research,roman_nepali,,,,,1,
5d7374f0c3e0,Great going bro keep growing i have seen your journey from few hundred subscribers to this Great do ur research well and keep creating Kudos to all your team,IDS,latin,,,,,1,
a6f4df815ccb,One of the best vedio i ever watched ❤ full of goosebumps 🫡 . Keep it up 👍…. Keep going!!,IDS,latin,,,,,1,
dacfd11778ab,​@loktiwari561Kehi vision bokney kehi learn garney materialistic kura ko paxi na lagney show off nagarney hardwork garera paisa save garney family ko problem solve garney kei paisa ra ramro plan bokera nepal aune nepal mah 0 bata start garna dharai garo australia gayeko manxey ley testo sochnu hudaina you are lucky that you got the opportunity to be there enjoy your time learn something invest in yourself then return with some future plans then happily live in nepal,IDS,roman_nepali,Anti-Migration,Patriotism/Love,Collectivist-Nation,Pragmatic,0,
00c72218540f,"हामी सब मिलेर नेपाल लाईनै युरोप अमेरिका जापान भन्दा राम्रो देश बनाम । युथहरूको राजनितिमा वास्ता नगरेर हो कमिले गर्दा हो । हाम्रो देश बिग्रेको । वुडापाखा र जडिया गजडे गुन्डाहरू , पैसा वालाको कब्जा मा छ देश , न्ययको आवाज उठउनेको सङ्ख्या ५-६ जना मात्रछन त्यसमापनि उनिहरू जनतामा चर्चित भएभनि टिप्पर ले टउकोमा किचेर मारिछन ।",The Nepali Comment,devanagari,Trapped/Regretful,Systemic/Political Anger,Collectivist-Nation,Despairing/Sad,0,
f43c36d4acaa,Jaba ma sano thi taba lagthyo afno desh chodera janchan ma mero desh lai maya grxu but jaba thulo vaiyo jaba responsibility aaiyo jaba future ayo ani nepal ma k hi hun skena ani aba bidesh jana man lagdai aayo 😢😢,IDS,roman_nepali,Pro-Migration,Family Obligation,Collectivist-Family,Despairing/Sad,0,
92840558daf5,धन्यवाद बाबू अति राम्रो सन्देश 🌺❤️🌹,IDS,devanagari,,,,,1,
8abab3ad0d4a,Portugal ma 45/50 thousands,IDS,latin,,,,,1,
482b8e0cc33b,Hope our country will developed sooner Jay Nepal 🇳🇵,The Nepali Comment,latin,,,,,1,
343c74eef6af,Mayale sansar thamosh nathamosh ….Nepali ra hamro desh Nepal sadhai hunuparcha! Nepal desh rahirahana tapai Hami sabai Ko utikkai dahityoo cha!,IDS,roman_nepali,Anti-Migration,Patriotism/Love,Collectivist-Nation,Hopeful/Motivated,0,
69859e2b43df,"Few years ago I and my friend decided to stay in Nepal and pursue an undergraduate degree among 2 out of 20 of my friends. I graduated this year and I regret my decision. <br><br>I don’t see certainty and sustainability here. If someone hits me on a road, I can’t assure if he’s going to jail. My property, family is all at stake here. <br><br>And thus, I am leaving Nepal this year. This totally depends on individual preferences and choices but for me, I don’t see myself truly living my life to the fullest here with all the political chaos.",The Nepali Comment,latin,Pro-Migration,Systemic/Political Anger,Individualist-Self,Angry/Frustrated,0,
360b1b3516ae,This video was so disturbing to watch just had to stop the video at so many points.,The Nepali Comment,latin,,,,,1,
8f0db81be1e5,गर्नु के ?????,IDS,devanagari,,,,,1,
eadcd58794a3,आँखा मा आसुनै आयो तपाईंको भिडियो हेरेर यति राम्रो भिडियो बनाउनु भएकोमा धनयवाद।❤️,IDS,devanagari,,,,,1,
ba41a456c075,nepal ma kaam xa tra chineko manxe chainxa,IDS,roman_nepali,Neutral/Observation,Systemic/Political Anger,Individualist-Self,Angry/Frustrated,0,
194aea7974da,Today&#39;s burning issue in which Nepal government is deaf and silent.,Thaha Research,latin,Trapped/Regretful,Systemic/Political Anger,Collectivist-Nation,Angry/Frustrated,0,
21fe38349332,Ma panii xordaii xuu xettaiii,The Nepali Comment,latin,Pro-Migration,Systemic/Political Anger,Individualist-Self,Pragmatic,0,
4969ee914b84,I know there is a lack of job opportunities and less salary but before blaming politicians just think what you guys are doing. Leaving your country and showing your nationalism in social media is never an option. Its you who build your country,Thaha Research,latin,Anti-Migration,Patriotism/Love,Collectivist-Nation,Angry/Frustrated,0,
6d8785b3dc21,अनि सरकार को मात्र दोष छैन सरकारको undar मा काम गर्ने कर्मचारी पनी चोरहरुले भरिएको हुनाले पनी हो,IDS,code_mixed,Neutral/Observation,Systemic/Political Anger,Collectivist-Nation,Angry/Frustrated,0,
26b15143c99b,You are the change makers of the society 🙏 😊,IDS,latin,,,,,1,
e7b55d62c9d4,Estai xa đại Nepal,IDS,roman_nepali,,,,,1,
36c2fdb5658a,Your hardwork deserve more subscriber bro..all the best,The Nepali Comment,latin,,,,,1,
14b267978da5,Atro dukha garera atro badha jelera k tei desh haru gaye matra ramro ho ta.<br>Kehi thorai dukha nepal mai garidinus sabai nepal mai xa,The Nepali Comment,roman_nepali,Anti-Migration,Patriotism/Love,Collectivist-Nation,Hopeful/Motivated,0,
3499d53ef56f,Desh ko halat harera yo desh ko boj feel vo yll ma ni hindinxu bidesh,IDS,roman_nepali,Pro-Migration,Systemic/Political Anger,Individualist-Self,Despairing/Sad,0,
f277f488d29e,yo desh lai pariwartan garnu xa vane sarba pratham rajniti ma laje ka hamra baje haru lai aram garna launu parxa.,IDS,roman_nepali,Neutral/Observation,Systemic/Political Anger,Collectivist-Nation,Pragmatic,0,
4a358193b8f8,Sounds problem jasto layo ?,The Nepali Comment,roman_nepali,,,,,1,
de3044c6feb8,"देश विकास न भाको मुख्य कारण नेपालमा बस्ने नेपाली हरु को अनुसासन न भएर हो ,आरु को खुटा तान्ने हरु धेरै छन्, अरु  हरु लाई  हिन्सा गर्छन्",Thaha Research,devanagari,Neutral/Observation,Systemic/Political Anger,Collectivist-Nation,Angry/Frustrated,0,
93fbd34562d7,"यो हाम्रो दोष हैन नेतृत्वको दोष हो । <br><a href=""http://www.youtube.com/results?search_query=%23no_not_again"">#No_not_again</a>",The Nepali Comment,code_mixed,Trapped/Regretful,Systemic/Political Anger,Collectivist-Nation,Angry/Frustrated,0,
b59268837c48,"that is neccessary for my family financial situation, thanks Nepal for letting see a lot of things but full time job  ta paudaina part time ta k pauthiyo hola.",IDS,roman_nepali,Pro-Migration,Economic Necessity,Collectivist-Family,Angry/Frustrated,0,
be0c2b3ab0b0,"Euta major factor chai Health security pani ho. Loan, emi ani basic expenses ramrari afford garna nasakeko bela it's certainly hard to afford  major health issue to any of the family members.",IDS,roman_nepali,Trapped/Regretful,Economic Necessity,Collectivist-Family,Despairing/Sad,0,
84893548fa58,Aru kei haina desh lai dosh didai monthly 1lakh mathi kamaune soch ho sabai ko ...,IDS,roman_nepali,,,,,1,
9227e0ccc27f,"One of the best documentary i hav ever seen. This might not change the situation of people who want to go abroad, but will affect their perspective directly or indirectly",IDS,latin,,,,,1,
727ed6fe37d2,"BALEN, HARKA, GOPAL HAMAl <br>  जस्ता नेताहरु को अझै धेरै खाचो छ 🇳🇵💕",IDS,code_mixed,,,,,1,
9c385a0cefc6,The way he say his channel name THAHA in every sentence capitally😂😂,Thaha Research,latin,,,,,1,
126d73ba3661,Good job,IDS,latin,,,,,1,
cd79a35e38bd,नागरिकता पुन प्राप्तिकाे व्यवस्था परिबर्तन गरि बिदेशिले पाउनु पर्ने झै प्रकृया बनाउनु पर्छ। र नेपाली नागरिकता त्याग गरेकाे अबधि नेपालमा पुन नागरिकता प्राप्त पछि बसे पछि मात्र सामाजिक सुरक्षामा ल्याउनु  पर्छ।,The Nepali Comment,devanagari,Anti-Migration,Systemic/Political Anger,Collectivist-Nation,Pragmatic,0,
9674ab844ea4,It&#39;s hard to believe our insane life how worst is going on,IDS,latin,Trapped/Regretful,Systemic/Political Anger,Individualist-Self,Despairing/Sad,0,
6e71d4f13222,Come to europe,Thaha Research,latin,Pro-Migration,Economic Necessity,Individualist-Self,Pragmatic,0,
d7d66a52af6d,You are always right in your all videos bro always with you ❤❤❤❤,IDS,latin,,,,,1,
d686ca61d17e,"yes! being positive is the only way. at start of the video i felt so hopeless, bt i got the hope at the end! thank god!",IDS,latin,,,,,1,
379c1e613897,❤️❤️ ekdam ramro video i wish sabai nepali veda haru le herun,The Nepali Comment,roman_nepali,,,,,1,
a88f6398bfbe,You raised the most problematic topic with full of positivity <br>Keep motivating keep spreading hope brother❤️,IDS,latin,,,,,1,